timeStamp,elapsed,label,responseCode,responseMessage,threadName,dataType,success,failureMessage,bytes,sentBytes,grpThreads,allThreads,URL,Latency,IdleTime,Connect
1694188738516,507,HomePage,200,OK,Thread Group 1-1,text,true,,4757,115,3,3,https://blazedemo.com/,503,0,103
1694188738717,621,HomePage,200,OK,Thread Group 1-2,text,true,,4757,115,5,5,https://blazedemo.com/,611,0,114
1694188738918,495,HomePage,200,OK,Thread Group 1-3,text,true,,4757,115,5,5,https://blazedemo.com/,486,0,107
1694188739024,431,ReservePage,200,OK,Thread Group 1-1,text,true,,7245,126,5,5,https://blazedemo.com/reserve.php,421,0,0
1694188739338,395,ReservePage,200,OK,Thread Group 1-2,text,true,,7245,126,6,6,https://blazedemo.com/reserve.php,366,0,0
1694188739117,620,HomePage,200,OK,Thread Group 1-4,text,true,,4757,115,5,5,https://blazedemo.com/,616,0,106
1694188739317,486,HomePage,200,OK,Thread Group 1-5,text,true,,4757,115,5,5,https://blazedemo.com/,481,0,105
1694188739414,440,ReservePage,200,OK,Thread Group 1-3,text,true,,7245,126,5,5,https://blazedemo.com/reserve.php,418,0,0
1694188739518,504,HomePage,200,OK,Thread Group 1-6,text,true,,4757,115,5,5,https://blazedemo.com/,494,0,107
1694188739739,466,ReservePage,200,OK,Thread Group 1-4,text,true,,7245,126,6,6,https://blazedemo.com/reserve.php,439,0,0
1694188739718,544,HomePage,200,OK,Thread Group 1-7,text,true,,4757,115,5,5,https://blazedemo.com/,516,0,120
1694188739804,522,ReservePage,200,OK,Thread Group 1-5,text,true,,7245,126,6,6,https://blazedemo.com/reserve.php,510,0,0
1694188739919,553,HomePage,200,OK,Thread Group 1-8,text,true,,4757,115,5,5,https://blazedemo.com/,545,0,111
1694188740022,489,ReservePage,200,OK,Thread Group 1-6,text,true,,7245,126,5,5,https://blazedemo.com/reserve.php,476,0,0
1694188740116,521,HomePage,200,OK,Thread Group 1-9,text,true,,4757,115,5,5,https://blazedemo.com/,512,0,110
1694188740264,413,ReservePage,200,OK,Thread Group 1-7,text,true,,7245,126,5,5,https://blazedemo.com/reserve.php,398,0,0
1694188740320,533,HomePage,200,OK,Thread Group 1-10,text,true,,4757,115,5,5,https://blazedemo.com/,522,0,109
1694188740474,424,ReservePage,200,OK,Thread Group 1-8,text,true,,7245,126,5,5,https://blazedemo.com/reserve.php,398,0,0
1694188740520,520,HomePage,200,OK,Thread Group 1-11,text,true,,4757,115,5,5,https://blazedemo.com/,520,0,117
1694188740640,414,ReservePage,200,OK,Thread Group 1-9,text,true,,7245,126,5,5,https://blazedemo.com/reserve.php,388,0,0
1694188740717,576,HomePage,200,OK,Thread Group 1-12,text,true,,4757,115,5,5,https://blazedemo.com/,566,0,106
1694188740854,543,ReservePage,200,OK,Thread Group 1-10,text,true,,7245,126,6,6,https://blazedemo.com/reserve.php,518,0,0
1694188740919,511,HomePage,200,OK,Thread Group 1-13,text,true,,4757,115,5,5,https://blazedemo.com/,506,0,125
1694188741041,444,ReservePage,200,OK,Thread Group 1-11,text,true,,7245,126,5,5,https://blazedemo.com/reserve.php,418,0,0
1694188741118,665,HomePage,200,OK,Thread Group 1-14,text,true,,4757,115,6,6,https://blazedemo.com/,653,0,110
1694188741317,509,HomePage,200,OK,Thread Group 1-15,text,true,,4757,115,6,6,https://blazedemo.com/,504,0,112
1694188741293,559,ReservePage,200,OK,Thread Group 1-12,text,true,,7245,126,6,6,https://blazedemo.com/reserve.php,528,0,0
1694188741431,479,ReservePage,200,OK,Thread Group 1-13,text,true,,7245,126,5,5,https://blazedemo.com/reserve.php,452,0,0
1694188741519,530,HomePage,200,OK,Thread Group 1-16,text,true,,4757,115,5,5,https://blazedemo.com/,522,0,116
1694188741784,423,ReservePage,200,OK,Thread Group 1-14,text,true,,7245,126,6,6,https://blazedemo.com/reserve.php,410,0,0
1694188741718,503,HomePage,200,OK,Thread Group 1-17,text,true,,4757,115,5,5,https://blazedemo.com/,494,0,118
1694188741827,411,ReservePage,200,OK,Thread Group 1-15,text,true,,7245,126,5,5,https://blazedemo.com/reserve.php,400,0,0
1694188741922,519,HomePage,200,OK,Thread Group 1-18,text,true,,4757,115,5,5,https://blazedemo.com/,511,0,117
1694188742050,428,ReservePage,200,OK,Thread Group 1-16,text,true,,7245,126,5,5,https://blazedemo.com/reserve.php,402,0,0
1694188742118,554,ReservePage,200,OK,Thread Group 1-19,text,true,,7245,126,5,5,https://blazedemo.com/reserve.php,545,0,108
1694188742222,486,ReservePage,200,OK,Thread Group 1-17,text,true,,7245,126,4,4,https://blazedemo.com/reserve.php,471,0,0
1694188742323,523,ReservePage,200,OK,Thread Group 1-20,text,true,,7245,126,4,4,https://blazedemo.com/reserve.php,497,0,106
1694188742442,524,ReservePage,200,OK,Thread Group 1-18,text,true,,7245,126,4,4,https://blazedemo.com/reserve.php,514,0,0
1694188742524,609,ReservePage,200,OK,Thread Group 1-21,text,true,,7245,126,4,4,https://blazedemo.com/reserve.php,573,0,119
1694188742723,683,ReservePage,200,OK,Thread Group 1-22,text,true,,7245,126,4,4,https://blazedemo.com/reserve.php,657,0,111
1694188742924,525,ReservePage,200,OK,Thread Group 1-23,text,true,,7245,126,3,3,https://blazedemo.com/reserve.php,508,0,118
1694188743124,574,ReservePage,200,OK,Thread Group 1-24,text,true,,7245,126,3,3,https://blazedemo.com/reserve.php,547,0,121
1694188743523,518,ReservePage,200,OK,Thread Group 1-26,text,true,,7245,126,3,3,https://blazedemo.com/reserve.php,492,0,115
1694188743323,819,ReservePage,200,OK,Thread Group 1-25,text,true,,7245,126,2,2,https://blazedemo.com/reserve.php,793,0,108
1694188743724,543,ReservePage,200,OK,Thread Group 1-27,text,true,,7245,126,1,1,https://blazedemo.com/reserve.php,516,0,118
